length,width,height,weight,fragility,atseal,stime,alloy,plastic,glass,pmaterial,pthickness_class,extra_protection,pfragility
81,95,70,17,2,1,165,16,75,9,plasticbox,2,1,1
29,56,52,1,3,0,48,10,18,72,plasticwrap,0,1,1
55,57,44,2,2,1,32,68,8,24,plasticbox,2,1,1
99,64,54,12,4,1,125,38,43,19,plasticbox,2,1,1
76,62,99,9,5,0,106,14,21,65,plasticbox,2,1,1
25,71,66,10,3,0,12,44,40,16,plasticbox,1,1,1
39,91,41,12,1,1,80,15,14,71,plasticbox,2,1,1
63,7,37,19,3,0,19,27,67,6,cardboard,2,1,1
33,8,31,7,1,0,24,5,27,68,corrugated,1,1,1
72,5,91,7,3,0,132,25,42,33,plasticbox,2,1,1
68,79,45,19,3,1,31,26,40,34,plasticbox,2,1,1
56,92,54,18,1,0,112,45,16,39,plasticbox,2,1,1
66,37,21,2,1,0,72,15,11,74,plasticwrap,0,1,1
73,9,64,4,1,0,25,6,63,31,paperbox,0,0,0
70,20,62,19,4,1,52,31,66,3,plasticbox,2,1,2
85,9,41,1,2,1,136,64,20,16,plasticbox,2,1,1
14,14,79,8,5,0,109,1,22,77,plasticbox,2,1,1
85,48,85,13,2,0,176,13,17,70,plasticbox,2,1,1
63,40,59,19,5,0,159,25,58,17,plasticbox,2,1,1
50,17,28,3,3,0,45,44,46,10,paperbox,0,1,1
18,56,45,19,4,1,51,85,12,3,plasticbox,2,1,2
76,14,49,18,4,1,18,96,3,1,plasticbox,2,1,2
42,48,20,7,2,0,9,13,3,84,corrugated,1,1,1
25,49,58,15,1,0,179,72,10,18,plasticbox,2,1,1
57,54,39,20,5,1,74,72,5,23,plasticbox,2,1,2
69,35,59,16,5,1,124,62,21,17,plasticbox,2,1,1
100,11,83,10,3,0,134,33,30,37,plasticbox,2,1,1
53,72,5,4,5,1,94,52,25,23,plasticbox,2,1,1
35,62,18,2,2,1,134,24,3,73,plasticbox,2,1,1
56,92,32,13,5,0,70,39,60,1,plasticbox,1,1,2
7,72,71,13,2,0,39,68,29,3,plasticbox,1,1,1
32,26,31,11,2,1,77,7,30,63,plasticbox,2,1,1
61,92,89,2,2,0,169,49,22,29,plasticbox,2,1,1
95,96,60,19,2,0,180,64,17,19,plasticbox,2,1,1
19,48,95,5,1,1,42,31,43,26,plasticbox,2,0,0
54,36,50,10,3,1,180,59,18,23,plasticbox,2,1,1
78,47,90,3,3,0,142,76,19,5,plasticbox,2,1,1
41,25,37,19,2,0,12,4,34,62,cardboard,2,1,1
67,47,41,2,5,1,117,1,55,44,plasticbox,2,1,1
45,41,63,8,4,1,150,67,9,24,plasticbox,2,1,1
72,34,39,15,3,0,164,48,39,13,plasticbox,2,1,1
23,21,93,16,4,1,106,61,9,30,plasticbox,2,1,1
85,13,5,20,1,0,42,45,36,19,cardboard,2,0,0
13,13,56,3,2,0,34,33,46,21,paperbox,0,1,1
57,18,6,7,4,1,61,12,17,71,plasticbox,2,1,1
70,94,58,4,4,1,152,80,3,17,plasticbox,2,1,1
36,94,80,7,5,1,68,3,40,57,plasticbox,2,1,1
87,67,14,1,2,1,142,79,3,18,plasticbox,2,1,1
48,15,53,11,3,1,2,1,30,69,plasticbox,2,1,1
9,17,26,9,3,0,168,4,47,49,plasticbox,2,1,1
69,93,81,12,5,1,131,51,3,46,plasticbox,2,1,1
61,77,31,3,2,1,31,2,66,32,plasticbox,2,1,1
37,50,46,6,5,0,160,12,75,13,plasticbox,2,1,1
90,22,46,8,4,0,57,52,28,20,corrugated,1,1,2
74,81,11,17,2,1,130,64,20,16,plasticbox,2,1,1
80,58,54,18,2,0,106,41,5,54,plasticbox,2,1,1
70,99,19,20,2,0,65,53,34,13,cardboard,2,1,1
69,39,74,12,1,0,169,89,4,7,plasticbox,2,1,1
61,51,19,9,1,1,93,34,13,53,plasticbox,2,1,1
36,73,31,12,1,0,160,2,71,27,plasticbox,2,1,1
59,60,60,7,2,0,166,10,52,38,plasticbox,2,1,1
100,82,52,17,2,0,99,39,40,21,plasticbox,2,1,1
51,6,49,18,4,0,174,31,53,16,plasticbox,2,1,1
27,51,68,16,2,1,176,7,90,3,plasticbox,2,1,1
93,19,22,7,4,0,66,59,34,7,corrugated,1,1,2
23,37,27,12,1,0,150,59,15,26,plasticbox,2,1,1
35,15,59,6,1,1,47,10,3,87,plasticbox,2,1,1
40,41,33,18,3,1,172,4,89,7,plasticbox,2,1,1
85,63,62,13,4,0,74,34,41,25,plasticbox,1,1,2
94,76,21,7,1,1,91,17,78,5,plasticbox,2,1,1
8,83,94,6,1,0,95,28,60,12,plasticbox,2,1,1
39,63,91,18,5,0,158,18,79,3,plasticbox,2,1,1
50,5,26,8,5,0,168,67,9,24,plasticbox,2,1,1
81,39,77,1,3,0,49,14,24,62,plasticwrap,0,1,1
12,62,42,17,5,0,22,30,22,48,cardboard,2,1,2
17,8,59,16,3,0,95,43,18,39,plasticbox,2,1,1
75,86,19,12,2,1,149,4,63,33,plasticbox,2,1,1
49,93,82,12,1,0,143,9,30,61,plasticbox,2,1,1
72,44,24,6,2,0,61,14,13,73,corrugated,1,1,1
71,66,61,16,3,1,128,11,68,21,plasticbox,2,1,1
16,60,79,3,2,1,115,33,9,58,plasticbox,2,1,1
23,62,59,3,2,1,53,82,11,7,plasticbox,2,1,1
7,55,55,1,4,1,38,13,69,18,plasticbox,2,1,2
82,48,67,16,3,0,63,75,9,16,cardboard,2,1,1
98,57,41,7,1,1,47,22,20,58,plasticbox,2,1,1
10,36,6,20,3,0,84,24,53,23,cardboard,2,1,1
10,45,92,16,5,1,172,30,49,21,plasticbox,2,1,1
48,85,41,7,1,0,90,8,9,83,corrugated,1,1,1
52,33,96,17,5,1,104,7,10,83,plasticbox,2,1,1
66,79,61,19,1,1,138,6,57,37,plasticbox,2,1,1
14,49,90,8,1,1,89,37,34,29,plasticbox,2,0,0
36,17,78,3,2,1,108,64,28,8,plasticbox,2,1,1
21,17,5,4,4,1,30,35,9,56,plasticbox,2,1,1
66,28,65,6,5,0,65,24,2,74,corrugated,1,1,1
53,18,36,1,5,0,50,59,31,10,plasticwrap,0,1,2
99,97,62,19,5,1,32,6,40,54,plasticbox,2,1,1
73,48,52,17,4,0,92,15,2,83,plasticbox,2,1,1
68,47,25,6,3,1,45,59,11,30,plasticbox,2,1,1
54,55,37,19,5,0,91,34,44,22,plasticbox,2,1,1
43,90,41,11,3,0,179,54,34,12,plasticbox,2,1,1
97,98,19,17,1,0,109,2,76,22,plasticbox,2,1,1
91,70,11,13,1,1,10,55,39,6,plasticbox,2,0,0
26,27,73,3,1,1,75,26,33,41,plasticbox,2,0,0
97,39,54,8,2,1,92,47,11,42,plasticbox,2,1,1
56,89,21,17,3,1,10,51,37,12,plasticbox,2,1,1
59,46,6,8,3,0,176,12,79,9,plasticbox,2,1,1
62,41,10,7,1,1,100,42,27,31,plasticbox,2,1,1
26,61,90,4,4,0,72,80,17,3,paperbox,0,1,2
40,32,97,10,3,1,35,11,42,47,plasticbox,2,1,1
89,55,99,1,4,1,165,45,5,50,plasticbox,2,1,1
55,30,54,15,3,1,177,20,61,19,plasticbox,2,1,1
18,30,48,7,2,1,168,35,29,36,plasticbox,2,1,1
61,51,6,6,4,0,163,33,1,66,plasticbox,2,1,1
24,30,92,13,1,1,61,27,16,57,plasticbox,2,1,1
83,33,33,16,1,0,110,68,5,27,plasticbox,2,1,1
67,27,38,12,3,1,28,47,48,5,plasticbox,2,1,1
98,91,10,2,4,0,139,61,21,18,plasticbox,2,1,1
82,71,54,7,3,1,41,36,61,3,plasticbox,2,1,1
73,38,40,10,1,0,125,14,30,56,plasticbox,2,1,1
20,53,79,11,3,0,4,11,85,4,plasticbox,1,1,1
58,97,68,8,2,1,21,15,74,11,plasticbox,2,1,1
40,18,52,11,4,1,34,43,32,25,plasticbox,2,1,2
54,88,47,1,2,1,65,27,25,48,plasticbox,2,1,1
43,98,39,9,4,0,124,42,56,2,plasticbox,2,1,1
42,45,27,20,1,0,6,53,8,39,cardboard,2,0,0
65,35,89,1,4,0,153,24,37,39,plasticbox,2,1,1
67,88,85,20,1,0,13,40,57,3,cardboard,2,0,0
79,93,49,3,5,1,16,85,2,13,plasticbox,2,1,2
60,98,89,13,1,0,154,65,14,21,plasticbox,2,1,1
61,14,96,16,1,1,74,30,25,45,plasticbox,2,0,0
45,79,8,4,5,1,96,69,20,11,plasticbox,2,1,1
69,97,93,13,4,1,75,20,52,28,plasticbox,2,1,2
15,98,39,7,2,1,43,45,8,47,plasticbox,2,1,1
92,40,98,11,5,0,93,78,5,17,plasticbox,2,1,1
75,20,13,17,5,0,6,70,25,5,cardboard,2,1,2
52,20,48,7,1,0,146,39,6,55,plasticbox,2,1,1
54,27,83,4,2,1,176,55,25,20,plasticbox,2,1,1
43,53,81,3,1,0,59,31,8,61,paperbox,0,1,1
24,8,99,12,2,1,27,22,61,17,plasticbox,2,1,1
77,59,81,18,2,1,111,52,45,3,plasticbox,2,1,1
96,33,36,7,4,1,167,25,15,60,plasticbox,2,1,1
49,44,66,6,1,1,35,21,5,74,plasticbox,2,1,1
43,7,40,12,1,1,89,21,43,36,plasticbox,2,0,0
94,74,39,1,4,0,171,25,66,9,plasticbox,2,1,1
55,70,54,1,5,0,113,74,20,6,plasticbox,2,1,1
100,55,98,7,3,1,87,28,69,3,plasticbox,2,1,1
7,44,42,12,2,0,66,22,7,71,plasticbox,1,1,1
37,52,18,13,3,1,15,20,7,73,plasticbox,2,1,1
98,18,33,7,5,0,88,29,37,34,corrugated,1,1,2
6,35,43,6,2,1,171,54,19,27,plasticbox,2,1,1
12,16,48,19,5,0,131,9,84,7,plasticbox,2,1,1
29,58,82,7,4,0,36,38,30,32,corrugated,1,1,2
79,39,26,11,1,0,3,44,51,5,plasticbox,1,0,0
8,58,82,16,5,0,113,11,24,65,plasticbox,2,1,1
52,33,48,9,4,0,89,41,49,10,corrugated,1,1,2
75,74,90,20,4,0,33,60,11,29,cardboard,2,1,2
55,93,26,19,3,1,180,64,12,24,plasticbox,2,1,1
40,24,64,20,1,0,15,55,2,43,cardboard,2,0,0
61,82,5,7,2,1,171,5,28,67,plasticbox,2,1,1
100,77,23,4,1,0,164,63,22,15,plasticbox,2,1,1
94,88,19,12,3,1,137,61,37,2,plasticbox,2,1,1
5,55,72,14,2,0,120,18,61,21,plasticbox,2,1,1
30,93,91,18,5,1,103,68,1,31,plasticbox,2,1,1
43,91,48,17,3,1,28,85,5,10,plasticbox,2,1,1
97,34,47,20,2,0,9,61,2,37,cardboard,2,1,1
52,64,45,15,4,0,71,11,77,12,cardboard,2,1,2
53,81,11,1,4,1,44,18,48,34,plasticbox,2,1,2
80,8,33,20,3,1,83,5,27,68,plasticbox,2,1,1
91,83,85,15,5,1,131,19,9,72,plasticbox,2,1,1
8,95,88,13,3,0,136,35,62,3,plasticbox,2,1,1
12,22,34,19,5,1,38,80,4,16,plasticbox,2,1,2
67,67,61,14,5,1,12,44,8,48,plasticbox,2,1,2
91,26,5,20,1,0,121,7,9,84,plasticbox,2,1,1
54,72,75,16,5,1,5,22,53,25,plasticbox,2,1,2
31,95,77,17,1,0,98,29,3,68,plasticbox,2,1,1
32,38,74,5,4,1,13,6,35,59,plasticbox,2,1,1
77,52,18,14,1,1,54,41,14,45,plasticbox,2,0,0
63,92,93,20,5,0,164,40,4,56,plasticbox,2,1,1
44,17,82,10,2,1,91,64,4,32,plasticbox,2,1,1
94,70,93,11,3,0,6,24,51,25,plasticbox,1,1,1
11,24,45,10,2,0,84,29,37,34,plasticbox,1,1,1
12,60,83,16,5,1,150,1,13,86,plasticbox,2,1,1
40,27,25,12,5,0,133,43,23,34,plasticbox,2,1,1
85,49,7,13,3,1,25,34,28,38,plasticbox,2,1,1
84,91,81,1,3,1,69,64,26,10,plasticbox,2,1,1
99,61,72,4,2,0,26,2,32,66,paperbox,0,1,1
33,49,87,6,3,1,128,33,57,10,plasticbox,2,1,1
93,92,24,10,2,0,23,7,28,65,plasticbox,1,1,1
24,77,20,4,4,0,140,47,50,3,plasticbox,2,1,1
68,49,51,10,5,0,173,31,14,55,plasticbox,2,1,1
55,16,83,9,3,0,136,16,70,14,plasticbox,2,1,1
31,9,31,15,1,1,65,16,41,43,plasticbox,2,0,0
75,35,16,4,3,0,76,12,49,39,paperbox,0,1,1
10,11,7,6,3,1,27,51,33,16,plasticbox,2,1,1
97,27,6,5,3,1,32,73,20,7,plasticbox,2,1,1
29,49,49,5,3,0,29,15,62,23,corrugated,1,1,1
100,19,11,1,1,0,22,44,37,19,plasticwrap,0,0,0
48,92,49,8,1,0,86,32,42,26,corrugated,1,0,0
92,38,43,16,1,1,58,29,51,20,plasticbox,2,0,0
90,75,54,11,3,0,180,33,12,55,plasticbox,2,1,1
28,33,81,14,2,0,180,60,38,2,plasticbox,2,1,1
20,36,22,2,4,1,23,13,18,69,plasticbox,2,1,1
83,26,91,12,5,0,136,35,39,26,plasticbox,2,1,1
15,43,43,3,4,0,156,38,40,22,plasticbox,2,1,1
80,19,29,8,1,0,151,13,45,42,plasticbox,2,1,1
76,24,73,20,1,1,29,24,5,71,plasticbox,2,1,1
75,21,17,6,1,0,149,15,52,33,plasticbox,2,1,1
9,84,11,7,3,1,144,28,69,3,plasticbox,2,1,1
61,68,88,3,1,0,80,54,5,41,paperbox,0,0,0
6,8,66,7,3,0,25,84,4,12,corrugated,1,1,1
66,94,53,10,2,1,134,15,62,23,plasticbox,2,1,1
58,89,64,13,5,1,98,23,47,30,plasticbox,2,1,1
52,8,71,5,1,1,56,72,23,5,plasticbox,2,0,0
32,63,100,5,5,0,53,17,34,49,corrugated,1,1,2
16,67,27,13,2,1,89,30,62,8,plasticbox,2,1,1
53,79,10,20,1,1,148,39,23,38,plasticbox,2,1,1
20,99,65,4,5,0,77,85,13,2,paperbox,0,1,2
98,78,8,4,5,0,28,13,31,56,paperbox,0,1,1
21,91,37,9,3,0,97,31,41,28,plasticbox,2,1,1
56,89,63,12,5,1,138,32,47,21,plasticbox,2,1,1
32,77,20,14,5,0,113,18,32,50,plasticbox,2,1,1
62,11,53,2,4,1,135,38,29,33,plasticbox,2,1,1
60,18,12,15,4,1,154,25,55,20,plasticbox,2,1,1
8,87,81,20,4,1,111,27,64,9,plasticbox,2,1,1
6,95,44,12,5,0,108,7,73,20,plasticbox,2,1,1
22,36,96,20,3,1,18,9,75,16,plasticbox,2,1,1
35,90,5,1,1,1,179,12,71,17,plasticbox,2,1,1
74,34,81,15,5,0,102,13,33,54,plasticbox,2,1,1
75,66,23,3,3,0,154,29,37,34,plasticbox,2,1,1
85,44,23,1,2,1,19,25,20,55,plasticbox,2,1,1
76,68,52,11,1,1,97,61,23,16,plasticbox,2,1,1
47,25,40,3,2,0,28,2,86,12,paperbox,0,1,1
46,59,53,18,1,0,74,33,60,7,cardboard,2,0,0
79,77,58,20,4,1,70,80,1,19,plasticbox,2,1,2
38,48,82,7,2,0,8,66,6,28,corrugated,1,1,1
93,31,20,16,2,0,28,71,27,2,cardboard,2,1,1
45,64,40,10,4,0,168,11,17,72,plasticbox,2,1,1
40,46,92,7,1,1,92,18,71,11,plasticbox,2,1,1
11,89,40,12,4,0,118,48,40,12,plasticbox,2,1,1
82,64,13,16,5,1,160,5,50,45,plasticbox,2,1,1
50,97,61,19,4,1,109,52,41,7,plasticbox,2,1,1
37,11,36,14,1,0,4,30,34,36,plasticbox,1,0,0
27,47,31,14,3,1,96,59,18,23,plasticbox,2,1,1
11,44,62,2,5,1,85,14,15,71,plasticbox,2,1,1
60,41,67,20,2,0,128,30,7,63,plasticbox,2,1,1
8,56,44,20,4,0,172,15,58,27,plasticbox,2,1,1
78,68,23,2,3,1,161,13,10,77,plasticbox,2,1,1
52,42,66,10,1,0,134,28,40,32,plasticbox,2,1,1
49,73,35,7,3,0,83,1,5,94,corrugated,1,1,1
54,99,60,11,2,1,156,80,8,12,plasticbox,2,1,1
59,74,48,12,5,0,111,28,19,53,plasticbox,2,1,1
71,30,96,10,4,0,166,38,41,21,plasticbox,2,1,1
45,28,90,8,3,0,170,53,24,23,plasticbox,2,1,1
85,36,5,3,3,0,171,23,19,58,plasticbox,2,1,1
27,8,85,11,3,1,140,66,20,14,plasticbox,2,1,1
83,33,9,2,3,0,30,79,14,7,plasticwrap,0,1,1
46,89,36,18,1,0,143,16,59,25,plasticbox,2,1,1
97,36,53,13,2,1,98,17,11,72,plasticbox,2,1,1
24,92,90,19,4,1,115,11,80,9,plasticbox,2,1,1
89,8,90,19,4,1,3,23,51,26,plasticbox,2,1,2
39,70,18,11,5,1,121,15,61,24,plasticbox,2,1,1
62,87,16,16,2,0,16,18,50,32,cardboard,2,1,1
20,84,69,2,5,1,130,37,30,33,plasticbox,2,1,1
13,13,84,17,5,0,19,5,64,31,cardboard,2,1,2
47,29,61,10,1,0,161,65,9,26,plasticbox,2,1,1
39,79,47,9,4,0,159,3,69,28,plasticbox,2,1,1
76,61,6,11,5,0,86,35,59,6,plasticbox,1,1,2
23,83,71,15,5,1,9,67,28,5,plasticbox,2,1,2
42,17,21,19,1,1,30,3,55,42,plasticbox,2,0,0
93,58,42,14,5,0,166,82,14,4,plasticbox,2,1,1
82,11,53,6,3,0,97,28,53,19,plasticbox,2,1,1
29,81,25,3,5,0,57,17,36,47,paperbox,0,1,2
79,98,53,15,2,1,69,45,38,17,plasticbox,2,1,1
91,15,90,5,2,1,144,68,29,3,plasticbox,2,1,1
52,28,72,3,2,0,138,28,26,46,plasticbox,2,1,1
7,53,94,9,3,1,99,7,74,19,plasticbox,2,1,1
46,16,41,18,1,0,118,39,47,14,plasticbox,2,1,1
21,20,72,5,1,1,112,38,57,5,plasticbox,2,1,1
15,70,44,14,5,0,25,16,55,29,plasticbox,1,1,2
87,9,38,2,1,0,36,57,36,7,plasticwrap,0,0,0
23,86,19,5,2,1,11,43,31,26,plasticbox,2,1,1
48,92,68,6,2,0,157,22,40,38,plasticbox,2,1,1
40,19,41,11,1,0,107,27,41,32,plasticbox,2,1,1
87,65,58,4,4,0,29,10,28,62,paperbox,0,1,1
50,78,63,4,2,0,99,8,34,58,plasticbox,2,1,1
45,40,62,10,3,0,91,18,75,7,plasticbox,2,1,1
39,55,23,16,1,1,106,13,29,58,plasticbox,2,1,1
89,66,52,13,4,1,6,62,8,30,plasticbox,2,1,2
18,6,18,8,2,1,133,10,74,16,plasticbox,2,1,1
83,87,21,17,1,0,70,8,17,75,cardboard,2,1,1
53,79,20,1,2,0,84,34,29,37,plasticwrap,0,1,1
43,73,19,7,4,0,20,18,36,46,corrugated,1,1,2
61,49,78,4,4,1,36,69,14,17,plasticbox,2,1,2
66,70,73,13,2,0,112,59,21,20,plasticbox,2,1,1
80,75,29,2,3,1,155,9,7,84,plasticbox,2,1,1
13,67,57,7,1,0,46,44,29,27,corrugated,1,0,0
67,84,38,16,2,1,171,12,64,24,plasticbox,2,1,1
29,34,52,1,5,0,57,8,38,54,plasticwrap,0,1,1
77,66,50,11,5,0,84,93,5,2,plasticbox,1,1,2
41,37,69,15,5,0,29,91,5,4,cardboard,2,1,2
77,91,7,14,5,0,36,40,45,15,plasticbox,1,1,2
79,8,49,9,4,0,164,4,21,75,plasticbox,2,1,1
100,93,72,10,5,1,18,6,77,17,plasticbox,2,1,2
76,71,60,15,3,1,133,12,13,75,plasticbox,2,1,1
92,96,46,11,2,0,36,7,21,72,plasticbox,1,1,1
19,74,90,18,4,0,170,40,19,41,plasticbox,2,1,1
50,68,37,6,5,1,150,24,51,25,plasticbox,2,1,1
51,46,66,2,1,0,117,8,44,48,plasticbox,2,1,1
82,57,30,17,5,1,27,8,38,54,plasticbox,2,1,1
15,50,12,16,5,0,104,10,43,47,plasticbox,2,1,1
17,30,92,4,2,1,79,14,68,18,plasticbox,2,1,1
80,34,69,10,2,1,57,41,24,35,plasticbox,2,1,1
72,9,25,7,5,1,7,40,4,56,plasticbox,2,1,1
77,79,20,11,3,1,58,6,40,54,plasticbox,2,1,1
65,94,68,1,2,1,51,53,37,10,plasticbox,2,1,1
76,86,24,18,4,1,176,27,23,50,plasticbox,2,1,1
45,100,59,14,4,0,37,41,20,39,plasticbox,1,1,2
83,72,91,19,2,0,83,11,17,72,cardboard,2,1,1
78,35,35,17,3,0,96,20,13,67,plasticbox,2,1,1
22,19,98,1,3,1,67,38,12,50,plasticbox,2,1,1
93,90,48,4,1,0,11,12,8,80,paperbox,0,1,1
99,47,71,12,1,0,100,36,42,22,plasticbox,2,1,1
13,65,59,17,4,1,105,54,5,41,plasticbox,2,1,1
59,91,89,5,4,0,56,50,37,13,corrugated,1,1,2
39,55,16,14,5,0,119,66,11,23,plasticbox,2,1,1
58,33,8,7,4,0,75,69,19,12,corrugated,1,1,2
44,55,10,15,2,1,75,28,49,23,plasticbox,2,1,1
45,18,32,2,4,1,55,44,39,17,plasticbox,2,1,2
43,100,60,8,3,0,5,6,79,15,corrugated,1,1,1
62,92,13,9,5,1,143,15,17,68,plasticbox,2,1,1
54,44,82,1,1,1,131,41,25,34,plasticbox,2,1,1
12,70,66,14,4,1,128,51,17,32,plasticbox,2,1,1
10,89,55,11,4,0,171,46,53,1,plasticbox,2,1,1
10,70,56,8,1,1,29,42,21,37,plasticbox,2,0,0
66,56,85,19,1,0,58,22,71,7,cardboard,2,0,0
12,31,81,9,5,0,88,66,18,16,corrugated,1,1,2
20,45,61,11,5,0,62,37,18,45,plasticbox,1,1,2
35,22,73,14,1,0,60,76,1,23,plasticbox,1,0,0
62,64,32,13,2,0,169,46,51,3,plasticbox,2,1,1
13,92,25,18,5,1,123,95,4,1,plasticbox,2,1,1
25,96,10,16,4,0,158,86,13,1,plasticbox,2,1,1
15,72,46,17,1,1,20,72,13,15,plasticbox,2,0,0
55,14,89,19,3,0,166,6,60,34,plasticbox,2,1,1
92,65,79,10,5,0,65,30,5,65,plasticbox,1,1,1
86,7,81,3,5,0,50,32,9,59,paperbox,0,1,1
33,96,94,4,1,0,10,38,53,9,paperbox,0,0,0
74,68,76,7,5,1,102,9,70,21,plasticbox,2,1,1
96,43,66,8,2,1,162,13,46,41,plasticbox,2,1,1
30,19,44,6,3,0,156,13,23,64,plasticbox,2,1,1
71,18,66,9,4,1,176,18,67,15,plasticbox,2,1,1
86,42,39,12,5,0,8,12,73,15,plasticbox,1,1,2
68,23,96,19,3,0,89,19,8,73,cardboard,2,1,1
47,15,76,1,3,0,154,15,68,17,plasticbox,2,1,1
24,35,10,10,1,0,163,15,53,32,plasticbox,2,1,1
67,51,71,18,1,0,31,72,21,7,cardboard,2,0,0
80,64,40,18,1,1,51,11,86,3,plasticbox,2,0,0
55,45,35,16,2,1,142,85,4,11,plasticbox,2,1,1
22,51,22,12,3,0,173,18,72,10,plasticbox,2,1,1
65,88,9,16,3,0,114,39,5,56,plasticbox,2,1,1
63,88,14,5,4,1,161,6,24,70,plasticbox,2,1,1
53,55,60,12,5,0,100,64,9,27,plasticbox,2,1,1
29,81,40,16,4,0,168,51,17,32,plasticbox,2,1,1
42,94,46,16,3,1,115,24,4,72,plasticbox,2,1,1
33,20,67,15,3,0,134,46,19,35,plasticbox,2,1,1
60,63,55,19,5,0,125,9,31,60,plasticbox,2,1,1
42,28,51,6,1,0,72,58,7,35,corrugated,1,0,0
41,62,68,15,5,0,151,20,47,33,plasticbox,2,1,1
5,96,34,4,2,0,45,59,37,4,paperbox,0,1,1
44,66,93,2,5,1,150,51,42,7,plasticbox,2,1,1
94,27,91,16,2,1,35,16,70,14,plasticbox,2,1,1
8,16,13,6,4,0,40,31,8,61,corrugated,1,1,1
40,78,33,20,4,0,115,38,13,49,plasticbox,2,1,1
19,36,94,15,1,1,18,50,22,28,plasticbox,2,0,0
99,25,6,10,2,0,97,54,11,35,plasticbox,2,1,1
7,56,93,12,4,1,120,59,10,31,plasticbox,2,1,1
69,36,14,11,2,1,86,62,25,13,plasticbox,2,1,1
48,60,53,10,5,1,153,24,69,7,plasticbox,2,1,1
24,73,19,14,1,1,136,7,70,23,plasticbox,2,1,1
78,57,59,8,4,1,1,55,11,34,plasticbox,2,1,2
82,97,72,9,4,1,75,7,55,38,plasticbox,2,1,2
57,59,56,9,1,0,169,53,17,30,plasticbox,2,1,1
44,5,73,5,4,0,65,22,75,3,corrugated,1,1,2
75,13,89,16,5,0,37,67,11,22,cardboard,2,1,2
60,12,41,20,4,1,103,18,67,15,plasticbox,2,1,1
27,33,46,1,2,0,128,87,1,12,plasticbox,2,1,1
81,65,99,2,2,0,132,97,1,2,plasticbox,2,1,1
39,59,29,4,1,1,177,36,39,25,plasticbox,2,1,1
52,17,45,5,3,1,47,66,31,3,plasticbox,2,1,1
53,55,27,4,5,1,121,50,6,44,plasticbox,2,1,1
74,67,61,2,1,1,174,2,77,21,plasticbox,2,1,1
71,18,87,11,2,1,143,32,64,4,plasticbox,2,1,1
12,75,32,10,1,1,134,31,52,17,plasticbox,2,1,1
11,10,18,16,5,0,62,4,87,9,cardboard,2,1,2
11,53,22,9,1,0,110,10,12,78,plasticbox,2,1,1
50,51,11,2,5,1,158,22,58,20,plasticbox,2,1,1
88,76,81,12,1,1,110,41,35,24,plasticbox,2,1,1
19,14,94,12,1,1,152,11,36,53,plasticbox,2,1,1
43,68,79,19,1,0,172,8,83,9,plasticbox,2,1,1
68,99,58,10,4,1,118,18,29,53,plasticbox,2,1,1
46,86,81,1,1,0,137,59,34,7,plasticbox,2,1,1
95,87,39,20,3,1,75,50,19,31,plasticbox,2,1,1
20,100,20,4,2,0,33,75,18,7,paperbox,0,1,1
97,94,39,15,2,0,74,57,21,22,cardboard,2,1,1
92,71,17,17,4,1,52,33,20,47,plasticbox,2,1,2
32,62,60,19,1,1,95,5,11,84,plasticbox,2,1,1
96,12,68,12,1,0,82,30,32,38,plasticbox,1,0,0
93,20,22,3,3,1,59,70,25,5,plasticbox,2,1,1
26,58,75,18,2,1,102,54,30,16,plasticbox,2,1,1
26,79,84,1,3,1,62,28,3,69,plasticbox,2,1,1
99,76,98,14,1,0,28,21,6,73,plasticbox,1,1,1
49,54,59,19,4,1,71,62,16,22,plasticbox,2,1,2
14,18,77,2,5,1,63,33,14,53,plasticbox,2,1,1
97,89,93,15,3,0,144,24,74,2,plasticbox,2,1,1
50,29,65,19,3,1,7,2,59,39,plasticbox,2,1,1
83,60,12,2,5,0,142,61,20,19,plasticbox,2,1,1
64,20,23,8,5,1,90,12,62,26,plasticbox,2,1,2
22,82,31,8,2,1,18,14,80,6,plasticbox,2,1,1
85,80,90,7,5,1,77,45,19,36,plasticbox,2,1,2
15,96,33,3,5,0,123,35,45,20,plasticbox,2,1,1
67,38,53,19,1,1,121,13,1,86,plasticbox,2,1,1
98,84,15,19,4,0,13,53,5,42,cardboard,2,1,2
33,30,89,14,2,1,73,13,36,51,plasticbox,2,1,1
51,48,80,5,3,1,61,76,21,3,plasticbox,2,1,1
82,59,5,17,3,0,31,52,23,25,cardboard,2,1,1
51,76,55,4,1,0,117,39,4,57,plasticbox,2,1,1
66,32,14,8,5,1,2,49,37,14,plasticbox,2,1,2
63,31,22,5,3,0,149,63,25,12,plasticbox,2,1,1
11,32,85,5,5,1,27,24,7,69,plasticbox,2,1,1
69,61,38,5,3,1,96,61,6,33,plasticbox,2,1,1
28,41,20,12,5,0,13,3,69,28,plasticbox,1,1,2
17,79,51,15,4,1,10,82,3,15,plasticbox,2,1,2
78,9,90,12,5,1,89,34,48,18,plasticbox,2,1,2
31,68,16,8,4,1,115,12,81,7,plasticbox,2,1,1
28,69,28,6,5,0,54,12,73,15,corrugated,1,1,2
53,58,17,12,2,1,23,11,71,18,plasticbox,2,1,1
8,67,43,7,4,0,2,29,20,51,corrugated,1,1,1
73,68,25,9,2,1,142,36,3,61,plasticbox,2,1,1
71,83,38,13,5,1,141,11,41,48,plasticbox,2,1,1
54,43,47,14,1,0,47,17,81,2,plasticbox,1,0,0
84,44,40,16,3,0,143,41,46,13,plasticbox,2,1,1
89,20,9,14,2,0,175,14,74,12,plasticbox,2,1,1
83,47,9,11,1,1,78,6,55,39,plasticbox,2,0,0
74,84,22,10,2,1,47,28,7,65,plasticbox,2,1,1
68,28,49,3,3,1,156,68,28,4,plasticbox,2,1,1
16,95,96,19,5,0,172,9,13,78,plasticbox,2,1,1
11,16,53,3,2,1,40,2,22,76,plasticbox,2,1,1
83,95,77,16,2,0,20,40,12,48,cardboard,2,1,1
75,52,7,9,1,1,91,25,61,14,plasticbox,2,1,1
56,28,83,1,3,1,99,13,71,16,plasticbox,2,1,1
7,55,75,13,1,1,83,36,42,22,plasticbox,2,0,0
31,47,87,13,3,1,102,9,51,40,plasticbox,2,1,1
91,14,38,17,4,1,44,3,22,75,plasticbox,2,1,1
23,65,42,10,4,0,3,31,66,3,plasticbox,1,1,2
75,53,73,14,3,1,109,84,2,14,plasticbox,2,1,1
42,53,27,5,2,0,168,2,63,35,plasticbox,2,1,1
62,46,36,16,2,1,64,57,42,1,plasticbox,2,1,1
50,61,70,13,5,0,38,52,39,9,plasticbox,1,1,2
69,16,61,5,1,1,78,41,6,53,plasticbox,2,1,1
100,64,36,12,5,1,166,36,54,10,plasticbox,2,1,1
12,87,30,9,1,1,33,84,11,5,plasticbox,2,0,0
32,59,80,18,4,1,72,45,24,31,plasticbox,2,1,2
12,87,31,7,5,0,106,59,5,36,plasticbox,2,1,1
71,68,73,17,1,0,62,61,2,37,cardboard,2,0,0
5,40,64,6,4,0,159,5,66,29,plasticbox,2,1,1
79,45,90,11,5,1,41,51,5,44,plasticbox,2,1,2
54,61,90,1,5,1,177,23,43,34,plasticbox,2,1,1
98,94,49,4,5,1,2,27,68,5,plasticbox,2,1,2
81,54,57,14,4,1,22,35,43,22,plasticbox,2,1,2
71,87,53,15,3,0,6,25,74,1,cardboard,2,1,1
52,28,84,20,3,1,25,53,46,1,plasticbox,2,1,1
53,98,37,20,1,1,61,29,40,31,plasticbox,2,0,0
65,67,87,8,1,0,127,11,19,70,plasticbox,2,1,1
77,27,81,2,3,1,127,5,19,76,plasticbox,2,1,1
51,77,30,5,1,1,73,23,6,71,plasticbox,2,1,1
24,91,52,10,3,1,14,15,8,77,plasticbox,2,1,1
82,60,23,17,3,0,23,18,55,27,cardboard,2,1,1
99,6,53,7,2,0,71,23,57,20,corrugated,1,1,1
67,76,12,9,5,1,56,38,19,43,plasticbox,2,1,2
31,93,63,5,3,0,32,24,13,63,corrugated,1,1,1
67,73,14,15,3,1,1,8,64,28,plasticbox,2,1,1
72,21,92,11,3,0,167,76,13,11,plasticbox,2,1,1
35,39,10,7,5,1,74,20,69,11,plasticbox,2,1,2
34,23,42,1,3,0,66,36,8,56,plasticwrap,0,1,1
41,37,47,16,2,0,81,21,69,10,cardboard,2,1,1
77,60,94,3,5,0,56,8,1,91,paperbox,0,1,1
84,95,21,16,3,0,132,3,46,51,plasticbox,2,1,1
23,74,7,10,1,0,135,29,41,30,plasticbox,2,1,1
20,58,97,5,5,0,145,58,23,19,plasticbox,2,1,1
57,64,67,9,1,1,25,69,30,1,plasticbox,2,0,0
29,21,22,19,2,0,115,86,9,5,plasticbox,2,1,1
17,78,34,7,1,0,85,55,44,1,corrugated,1,0,0
27,46,33,14,1,0,11,47,16,37,plasticbox,1,0,0
31,89,87,9,1,1,102,31,55,14,plasticbox,2,1,1
7,14,32,10,5,1,146,36,14,50,plasticbox,2,1,1
47,53,31,7,2,0,88,4,20,76,corrugated,1,1,1
60,18,51,10,3,0,87,95,4,1,plasticbox,1,1,1
81,26,54,12,2,1,37,58,3,39,plasticbox,2,1,1
81,95,12,9,3,0,61,54,17,29,corrugated,1,1,1
32,75,94,7,5,0,43,25,5,70,corrugated,1,1,1
28,73,80,2,2,0,180,64,9,27,plasticbox,2,1,1
5,30,27,3,5,0,100,19,55,26,plasticbox,2,1,1
66,10,53,6,3,0,61,46,9,45,corrugated,1,1,1
92,75,91,5,1,1,80,27,3,70,plasticbox,2,1,1
50,44,40,20,3,0,97,40,42,18,plasticbox,2,1,1
36,99,61,17,3,1,111,1,63,36,plasticbox,2,1,1
17,67,32,10,3,0,123,21,24,55,plasticbox,2,1,1
12,43,31,1,4,0,72,32,60,8,plasticwrap,0,1,2
24,90,67,10,3,1,25,66,14,20,plasticbox,2,1,1
85,81,99,9,4,0,68,63,7,30,corrugated,1,1,2
6,84,45,17,5,0,171,2,18,80,plasticbox,2,1,1
17,61,44,4,5,0,42,5,58,37,paperbox,0,1,2
41,16,19,6,2,1,32,10,51,39,plasticbox,2,1,1
22,16,40,4,1,0,105,48,9,43,plasticbox,2,1,1
64,100,24,18,2,0,9,28,26,46,cardboard,2,1,1
73,69,21,5,5,0,40,38,3,59,corrugated,1,1,1
48,87,36,8,4,1,171,56,10,34,plasticbox,2,1,1
36,47,50,15,4,1,26,57,27,16,plasticbox,2,1,2
23,99,68,2,4,0,99,7,60,33,plasticbox,2,1,1
71,81,30,9,2,0,101,11,32,57,plasticbox,2,1,1
32,7,97,9,2,1,35,27,68,5,plasticbox,2,1,1
73,5,70,20,3,0,65,41,27,32,cardboard,2,1,1
76,91,30,1,2,1,5,60,7,33,plasticbox,2,1,1
66,38,37,17,5,1,96,26,58,16,plasticbox,2,1,1
66,25,19,11,2,1,121,20,26,54,plasticbox,2,1,1
90,41,98,10,3,0,33,1,28,71,plasticbox,1,1,1
23,96,100,15,1,1,67,18,12,70,plasticbox,2,1,1
90,23,11,9,3,1,75,14,46,40,plasticbox,2,1,1
84,43,77,15,2,0,70,9,80,11,cardboard,2,1,1
30,91,37,19,5,0,45,10,8,82,cardboard,2,1,1
13,27,79,16,5,1,87,15,72,13,plasticbox,2,1,2
48,24,64,3,3,0,116,43,2,55,plasticbox,2,1,1
52,76,45,18,5,0,81,69,1,30,cardboard,2,1,2
87,68,91,20,4,1,158,40,16,44,plasticbox,2,1,1
70,78,24,5,5,0,119,32,49,19,plasticbox,2,1,1
25,75,39,15,5,1,45,51,8,41,plasticbox,2,1,2
62,96,75,10,4,0,132,59,12,29,plasticbox,2,1,1
22,32,45,7,5,1,127,27,68,5,plasticbox,2,1,1
75,59,74,6,2,0,104,2,20,78,plasticbox,2,1,1
22,91,20,5,1,0,109,8,27,65,plasticbox,2,1,1
11,74,95,9,1,0,93,12,75,13,plasticbox,2,1,1
91,53,33,5,3,0,132,11,37,52,plasticbox,2,1,1
21,70,17,12,2,1,19,47,9,44,plasticbox,2,1,1
74,20,92,15,3,1,127,19,51,30,plasticbox,2,1,1
39,34,59,6,4,0,171,50,47,3,plasticbox,2,1,1
60,65,24,10,2,1,35,72,8,20,plasticbox,2,1,1
63,62,90,8,2,0,171,73,3,24,plasticbox,2,1,1
22,51,25,4,4,1,115,19,43,38,plasticbox,2,1,1
58,87,69,8,1,1,139,22,1,77,plasticbox,2,1,1
7,52,91,12,3,0,63,4,29,67,plasticbox,1,1,1
76,47,11,5,4,1,36,12,71,17,plasticbox,2,1,2
10,61,28,19,2,1,54,35,53,12,plasticbox,2,1,1
13,77,11,17,2,1,136,39,13,48,plasticbox,2,1,1
99,85,50,12,3,1,73,46,14,40,plasticbox,2,1,1
6,84,72,4,4,0,140,53,11,36,plasticbox,2,1,1
61,100,91,14,4,1,145,3,13,84,plasticbox,2,1,1
79,34,7,3,3,1,3,9,43,48,plasticbox,2,1,1
81,76,59,9,3,0,162,26,2,72,plasticbox,2,1,1
65,75,67,20,4,1,156,3,42,55,plasticbox,2,1,1
95,66,33,18,3,1,144,13,26,61,plasticbox,2,1,1
71,84,69,16,4,1,173,84,12,4,plasticbox,2,1,1
18,74,58,6,5,1,83,16,36,48,plasticbox,2,1,2
46,11,69,17,3,0,152,9,64,27,plasticbox,2,1,1
76,99,23,11,2,0,114,2,54,44,plasticbox,2,1,1
19,83,65,20,3,0,151,8,80,12,plasticbox,2,1,1
56,19,42,14,5,1,77,62,11,27,plasticbox,2,1,2
56,92,84,13,3,0,125,25,66,9,plasticbox,2,1,1
90,10,92,12,3,0,142,7,58,35,plasticbox,2,1,1
98,20,93,14,4,1,168,47,14,39,plasticbox,2,1,1
58,57,97,12,5,1,9,12,62,26,plasticbox,2,1,2
98,19,91,15,2,1,145,12,37,51,plasticbox,2,1,1
98,57,33,16,2,1,80,74,4,22,plasticbox,2,1,1
26,94,100,5,5,1,33,2,82,16,plasticbox,2,1,2
52,90,28,10,1,0,155,61,19,20,plasticbox,2,1,1
25,7,67,9,5,0,50,95,2,3,corrugated,1,1,2
44,100,66,1,1,1,85,53,10,37,plasticbox,2,0,0
69,26,52,19,3,1,121,83,16,1,plasticbox,2,1,1
94,20,90,11,4,1,74,59,23,18,plasticbox,2,1,2
34,87,44,9,4,0,151,57,6,37,plasticbox,2,1,1
63,63,15,8,4,1,40,63,22,15,plasticbox,2,1,2
26,23,87,11,4,0,45,22,26,52,plasticbox,1,1,1
38,89,18,1,5,0,80,38,52,10,plasticwrap,0,1,2
60,46,51,7,4,1,22,18,34,48,plasticbox,2,1,2
9,5,71,8,3,0,122,9,16,75,plasticbox,2,1,1
12,87,90,3,3,0,104,25,26,49,plasticbox,2,1,1
92,92,14,6,1,0,42,15,59,26,corrugated,1,0,0
76,90,99,14,5,0,68,51,25,24,plasticbox,1,1,2
52,66,16,16,3,1,142,41,6,53,plasticbox,2,1,1
95,83,24,5,2,1,91,39,14,47,plasticbox,2,1,1
34,54,59,3,2,1,155,20,36,44,plasticbox,2,1,1
87,84,82,14,4,0,43,15,63,22,plasticbox,1,1,2
63,20,56,5,3,1,125,1,3,96,plasticbox,2,1,1
78,21,9,8,4,0,53,32,29,39,corrugated,1,1,2
54,88,25,6,2,0,24,34,6,60,corrugated,1,1,1
62,42,76,5,5,0,66,9,85,6,corrugated,1,1,2
20,76,85,4,5,0,135,6,59,35,plasticbox,2,1,1
93,93,71,19,5,1,124,8,59,33,plasticbox,2,1,1
35,56,13,20,2,0,132,52,9,39,plasticbox,2,1,1
63,79,18,4,2,1,47,60,16,24,plasticbox,2,1,1
31,55,29,9,2,1,174,4,63,33,plasticbox,2,1,1
53,92,42,1,3,0,57,26,40,34,plasticwrap,0,1,1
63,16,73,12,2,1,68,33,53,14,plasticbox,2,1,1
10,12,97,11,5,1,1,18,32,50,plasticbox,2,1,2
96,9,95,20,1,1,71,79,8,13,plasticbox,2,0,0
29,11,79,3,4,1,25,65,12,23,plasticbox,2,1,2
48,16,51,15,2,1,154,22,1,77,plasticbox,2,1,1
58,86,84,3,4,0,157,5,4,91,plasticbox,2,1,1
10,42,54,14,1,1,13,52,4,44,plasticbox,2,0,0
20,87,47,8,2,1,127,11,72,17,plasticbox,2,1,1
15,89,82,17,2,1,29,5,79,16,plasticbox,2,1,1
83,48,96,15,5,0,35,80,15,5,cardboard,2,1,2
33,78,84,12,4,0,105,4,69,27,plasticbox,2,1,1
50,52,98,2,4,1,128,10,34,56,plasticbox,2,1,1
48,70,100,15,3,0,139,67,17,16,plasticbox,2,1,1
73,47,71,15,1,0,20,2,48,50,cardboard,2,0,0
47,35,83,6,1,1,68,35,41,24,plasticbox,2,0,0
18,69,71,12,4,0,145,39,3,58,plasticbox,2,1,1
98,50,9,15,2,0,8,23,31,46,cardboard,2,1,1
61,73,86,18,4,0,79,50,38,12,cardboard,2,1,2
31,36,79,11,2,1,9,4,51,45,plasticbox,2,1,1
72,38,20,6,1,1,91,39,53,8,plasticbox,2,1,1
48,95,12,4,4,0,136,21,49,30,plasticbox,2,1,1
60,89,6,18,4,0,100,7,2,91,plasticbox,2,1,1
40,85,90,6,3,0,145,27,56,17,plasticbox,2,1,1
10,16,40,3,1,1,29,12,31,57,plasticbox,2,1,1
39,89,16,2,3,1,133,17,20,63,plasticbox,2,1,1
15,43,61,2,4,0,45,18,4,78,plasticwrap,0,1,1
82,59,12,18,1,0,176,29,22,49,plasticbox,2,1,1
82,92,69,16,4,1,62,28,69,3,plasticbox,2,1,2
66,18,77,13,2,0,103,65,19,16,plasticbox,2,1,1
39,42,20,16,4,1,17,79,10,11,plasticbox,2,1,2
48,11,37,11,5,1,132,18,7,75,plasticbox,2,1,1
43,19,8,16,4,1,153,26,27,47,plasticbox,2,1,1
79,64,53,10,4,0,43,23,14,63,plasticbox,1,1,1
42,22,37,17,5,1,37,59,30,11,plasticbox,2,1,2
7,74,15,9,1,0,43,66,9,25,corrugated,1,0,0
31,61,35,7,2,0,43,7,28,65,corrugated,1,1,1
72,94,87,9,2,0,39,18,47,35,corrugated,1,1,1
60,38,22,5,2,0,60,60,6,34,corrugated,1,1,1
89,75,18,3,2,1,44,75,21,4,plasticbox,2,1,1
82,97,32,9,1,0,110,2,88,10,plasticbox,2,1,1
56,99,94,8,4,1,73,6,27,67,plasticbox,2,1,1
81,46,38,13,2,0,88,17,34,49,plasticbox,1,1,1
99,9,18,9,1,0,114,2,48,50,plasticbox,2,1,1
51,29,68,10,1,1,153,24,30,46,plasticbox,2,1,1
94,78,35,13,2,0,14,19,68,13,plasticbox,1,1,1
88,6,31,19,2,1,115,31,10,59,plasticbox,2,1,1
66,12,43,8,4,0,59,42,7,51,corrugated,1,1,1
78,43,20,7,3,1,159,29,1,70,plasticbox,2,1,1
55,31,47,7,1,0,148,3,89,8,plasticbox,2,1,1
67,56,42,19,1,1,25,72,2,26,plasticbox,2,0,0
67,21,12,16,1,0,141,66,18,16,plasticbox,2,1,1
73,21,89,5,4,1,178,21,69,10,plasticbox,2,1,1
73,21,82,13,4,1,77,5,54,41,plasticbox,2,1,2
98,80,50,12,4,0,119,11,67,22,plasticbox,2,1,1
94,43,100,12,5,1,156,4,36,60,plasticbox,2,1,1
64,76,76,7,2,1,24,4,75,21,plasticbox,2,1,1
5,85,45,1,2,0,108,21,5,74,plasticbox,2,1,1
47,28,95,1,4,1,58,83,14,3,plasticbox,2,1,2
18,19,38,9,4,1,151,41,9,50,plasticbox,2,1,1
13,71,77,4,5,1,167,28,70,2,plasticbox,2,1,1
90,12,36,7,5,1,170,17,33,50,plasticbox,2,1,1
62,58,76,20,3,1,164,2,23,75,plasticbox,2,1,1
85,69,24,6,3,1,12,32,64,4,plasticbox,2,1,1
57,61,14,18,5,1,50,5,86,9,plasticbox,2,1,2
80,23,45,13,2,1,112,42,12,46,plasticbox,2,1,1
33,50,42,18,4,1,70,12,29,59,plasticbox,2,1,1
23,16,63,10,1,1,120,19,39,42,plasticbox,2,1,1
55,61,89,16,2,0,36,32,64,4,cardboard,2,1,1
31,70,92,10,4,0,25,2,50,48,plasticbox,1,1,2
69,73,55,12,2,1,97,46,17,37,plasticbox,2,1,1
10,95,15,2,2,1,178,13,40,47,plasticbox,2,1,1
10,55,63,3,4,0,174,60,15,25,plasticbox,2,1,1
26,47,36,15,5,1,59,23,7,70,plasticbox,2,1,1
32,56,29,13,1,0,133,61,22,17,plasticbox,2,1,1
17,85,57,14,1,1,96,2,41,57,plasticbox,2,1,1
30,72,35,7,4,1,65,84,5,11,plasticbox,2,1,2
27,6,60,4,4,1,105,15,71,14,plasticbox,2,1,1
36,17,45,6,2,1,146,20,70,10,plasticbox,2,1,1
53,53,13,13,5,1,52,46,41,13,plasticbox,2,1,2
63,99,44,9,3,0,83,11,28,61,corrugated,1,1,1
72,89,67,6,3,1,48,39,28,33,plasticbox,2,1,1
81,81,7,12,1,0,16,6,2,92,plasticbox,1,1,1
9,20,35,7,1,1,28,9,90,1,plasticbox,2,0,0
89,85,31,20,1,1,122,61,38,1,plasticbox,2,1,1
14,98,9,10,5,0,169,72,26,2,plasticbox,2,1,1
83,46,71,9,3,1,77,56,13,31,plasticbox,2,1,1
100,55,53,7,5,1,18,51,23,26,plasticbox,2,1,2
18,6,52,14,4,0,41,54,30,16,plasticbox,1,1,2
78,85,98,3,3,0,97,33,10,57,plasticbox,2,1,1
87,49,19,20,1,1,153,14,67,19,plasticbox,2,1,1
40,25,30,11,1,0,52,42,41,17,plasticbox,1,0,0
99,68,81,6,2,1,147,62,23,15,plasticbox,2,1,1
89,70,41,2,4,1,28,9,67,24,plasticbox,2,1,2
84,30,9,2,2,0,60,13,77,10,plasticwrap,0,1,1
66,78,41,16,2,0,59,48,3,49,cardboard,2,1,1
60,63,53,18,2,0,45,56,19,25,cardboard,2,1,1
44,69,15,8,1,0,24,46,5,49,corrugated,1,0,0
28,16,82,8,4,0,17,21,71,8,corrugated,1,1,2
70,100,64,17,1,1,177,1,86,13,plasticbox,2,1,1
32,31,77,13,5,1,4,23,5,72,plasticbox,2,1,1
37,81,54,17,3,1,98,1,97,2,plasticbox,2,1,1
25,75,48,1,2,0,81,30,19,51,plasticwrap,0,1,1
55,19,100,4,1,0,96,35,47,18,plasticbox,2,1,1
77,21,48,13,2,1,106,7,80,13,plasticbox,2,1,1
61,87,86,11,5,1,179,11,13,76,plasticbox,2,1,1
43,54,97,15,1,1,114,30,13,57,plasticbox,2,1,1
50,64,31,13,4,0,17,61,9,30,plasticbox,1,1,2
15,64,84,19,2,0,20,65,16,19,cardboard,2,1,1
60,85,33,4,3,0,54,47,17,36,paperbox,0,1,1
6,73,49,2,1,0,164,33,44,23,plasticbox,2,1,1
5,17,82,13,3,1,36,11,75,14,plasticbox,2,1,1
90,75,78,15,4,0,58,28,59,13,cardboard,2,1,2
70,13,70,7,4,1,37,37,20,43,plasticbox,2,1,2
69,74,35,15,2,0,120,24,10,66,plasticbox,2,1,1
60,52,58,20,3,0,22,10,8,82,cardboard,2,1,1
43,84,43,18,4,1,120,28,57,15,plasticbox,2,1,1
33,20,19,12,3,1,137,11,77,12,plasticbox,2,1,1
9,41,27,3,2,0,126,5,61,34,plasticbox,2,1,1
58,36,71,19,1,0,153,5,18,77,plasticbox,2,1,1
29,92,19,12,2,1,66,60,39,1,plasticbox,2,1,1
69,30,21,2,2,0,82,26,58,16,plasticwrap,0,1,1
31,85,77,1,2,0,145,7,5,88,plasticbox,2,1,1
8,65,76,13,5,1,92,3,83,14,plasticbox,2,1,1
51,47,47,15,3,1,179,1,40,59,plasticbox,2,1,1
47,28,63,19,3,1,56,3,16,81,plasticbox,2,1,1
74,49,27,16,1,0,97,17,57,26,plasticbox,2,1,1
73,81,77,15,5,1,17,84,1,15,plasticbox,2,1,2
74,35,40,15,4,1,95,13,38,49,plasticbox,2,1,1
23,75,28,16,5,0,84,67,23,10,cardboard,2,1,2
59,14,70,8,1,0,52,5,57,38,corrugated,1,0,0
15,19,49,12,3,1,161,38,17,45,plasticbox,2,1,1
88,100,58,20,1,0,69,5,14,81,cardboard,2,1,1
18,8,91,14,5,1,17,12,73,15,plasticbox,2,1,2
59,50,19,7,4,1,84,7,25,68,plasticbox,2,1,1
41,56,61,15,2,1,62,30,50,20,plasticbox,2,1,1
31,28,97,7,3,0,72,14,49,37,corrugated,1,1,1
63,49,100,4,1,0,51,16,13,71,paperbox,0,1,1
100,16,84,4,4,0,44,18,7,75,paperbox,0,1,1
37,96,62,10,1,1,77,7,56,37,plasticbox,2,0,0
70,30,63,14,1,0,39,12,30,58,plasticbox,1,1,1
30,85,47,19,5,0,18,27,5,68,cardboard,2,1,1
20,36,41,20,1,0,71,35,51,14,cardboard,2,0,0
92,37,75,18,4,0,72,14,62,24,cardboard,2,1,2
43,25,5,16,1,1,35,35,43,22,plasticbox,2,0,0
40,89,12,4,1,0,145,53,21,26,plasticbox,2,1,1
14,77,45,1,1,1,145,6,14,80,plasticbox,2,1,1
57,30,5,8,5,1,37,47,40,13,plasticbox,2,1,2
75,15,6,17,5,0,44,36,49,15,cardboard,2,1,2
16,100,27,5,5,1,88,43,9,48,plasticbox,2,1,2
69,66,5,19,4,0,173,32,67,1,plasticbox,2,1,1
87,26,98,12,1,0,154,20,54,26,plasticbox,2,1,1
99,16,55,9,2,1,39,19,29,52,plasticbox,2,1,1
40,33,86,18,5,0,170,30,2,68,plasticbox,2,1,1
90,78,51,7,4,0,55,63,36,1,corrugated,1,1,2
18,17,39,10,3,1,57,22,2,76,plasticbox,2,1,1
49,86,34,12,3,1,96,75,4,21,plasticbox,2,1,1
47,98,100,7,1,1,7,19,14,67,plasticbox,2,1,1
82,75,92,4,4,0,168,4,34,62,plasticbox,2,1,1
79,5,50,1,5,0,9,5,32,63,plasticwrap,0,1,1
89,30,65,13,4,1,11,3,31,66,plasticbox,2,1,1
51,90,90,12,4,1,133,47,11,42,plasticbox,2,1,1
48,72,42,4,2,1,121,51,10,39,plasticbox,2,1,1
15,93,93,1,5,0,37,2,71,27,plasticwrap,0,1,2
52,63,16,10,4,1,141,57,23,20,plasticbox,2,1,1
23,69,80,6,3,0,162,27,9,64,plasticbox,2,1,1
18,88,92,2,2,1,120,15,7,78,plasticbox,2,1,1
32,52,65,12,5,1,57,66,1,33,plasticbox,2,1,2
31,50,24,5,1,1,155,61,1,38,plasticbox,2,1,1
39,8,18,19,1,1,48,17,36,47,plasticbox,2,0,0
51,68,78,3,4,0,121,13,44,43,plasticbox,2,1,1
91,96,69,8,2,0,50,40,45,15,corrugated,1,1,1
88,74,51,15,1,0,22,14,74,12,cardboard,2,0,0
39,50,20,20,2,1,97,17,59,24,plasticbox,2,1,1
24,91,27,17,2,0,141,79,9,12,plasticbox,2,1,1
87,39,68,10,5,1,31,39,7,54,plasticbox,2,1,1
93,35,51,18,3,1,58,85,1,14,plasticbox,2,1,1
58,62,37,20,2,0,107,32,41,27,plasticbox,2,1,1
25,100,20,8,1,0,38,24,36,40,corrugated,1,0,0
58,45,100,1,3,1,102,4,29,67,plasticbox,2,1,1
68,17,25,14,5,1,144,39,29,32,plasticbox,2,1,1
27,52,61,17,1,1,4,6,66,28,plasticbox,2,0,0
100,31,41,20,1,1,34,13,46,41,plasticbox,2,0,0
35,52,23,12,4,1,49,50,24,26,plasticbox,2,1,2
95,44,99,19,5,1,160,63,27,10,plasticbox,2,1,1
77,34,19,20,3,1,92,17,78,5,plasticbox,2,1,1
40,10,41,18,1,1,68,66,9,25,plasticbox,2,0,0
8,62,26,5,3,0,139,8,28,64,plasticbox,2,1,1
18,99,26,20,1,1,1,23,32,45,plasticbox,2,0,0
24,18,6,5,5,0,151,46,6,48,plasticbox,2,1,1
22,41,34,14,5,0,135,7,11,82,plasticbox,2,1,1
42,95,87,13,4,0,3,1,80,19,plasticbox,1,1,2
48,74,12,11,1,0,100,18,43,39,plasticbox,2,1,1
96,100,92,20,2,1,1,55,42,3,plasticbox,2,1,1
9,90,91,6,4,0,144,34,6,60,plasticbox,2,1,1
99,14,63,1,5,0,112,17,58,25,plasticbox,2,1,1
67,56,39,17,1,0,54,13,26,61,cardboard,2,1,1
20,82,90,5,3,1,177,15,78,7,plasticbox,2,1,1
61,96,70,2,1,1,63,13,77,10,plasticbox,2,0,0
93,91,18,2,2,1,152,15,39,46,plasticbox,2,1,1
34,34,66,15,1,1,95,17,28,55,plasticbox,2,1,1
45,37,46,8,1,0,68,31,64,5,corrugated,1,0,0
12,87,38,20,3,0,52,39,33,28,cardboard,2,1,1
55,69,69,12,4,0,171,47,52,1,plasticbox,2,1,1
35,75,16,15,4,0,116,31,3,66,plasticbox,2,1,1
41,72,97,18,5,1,15,38,42,20,plasticbox,2,1,2
36,12,5,12,4,1,121,40,48,12,plasticbox,2,1,1
36,39,9,18,1,0,4,37,36,27,cardboard,2,0,0
63,90,44,12,3,1,68,8,5,87,plasticbox,2,1,1
23,16,99,6,4,0,158,36,35,29,plasticbox,2,1,1
93,7,33,19,1,1,92,62,14,24,plasticbox,2,1,1
85,69,50,14,1,1,95,45,40,15,plasticbox,2,1,1
68,35,78,10,4,1,103,25,30,45,plasticbox,2,1,1
7,11,55,11,1,1,116,59,27,14,plasticbox,2,1,1
95,86,49,3,2,0,78,54,27,19,paperbox,0,1,1
15,68,87,17,3,1,13,42,56,2,plasticbox,2,1,1
28,27,38,13,1,1,60,40,13,47,plasticbox,2,0,0
22,8,48,2,2,0,179,14,36,50,plasticbox,2,1,1
14,14,95,17,1,1,8,5,57,38,plasticbox,2,0,0
61,35,5,11,2,0,86,27,54,19,plasticbox,1,1,1
70,81,41,1,5,1,131,3,79,18,plasticbox,2,1,1
22,26,82,7,3,1,42,13,21,66,plasticbox,2,1,1
69,77,33,14,2,0,87,15,1,84,plasticbox,1,1,1
37,69,26,19,1,1,3,62,4,34,plasticbox,2,0,0
60,26,31,7,3,0,15,59,22,19,corrugated,1,1,1
46,49,68,20,4,1,128,87,3,10,plasticbox,2,1,1
20,36,18,19,2,0,43,1,40,59,cardboard,2,1,1
71,55,19,6,5,1,159,20,64,16,plasticbox,2,1,1
38,37,23,14,1,0,139,31,41,28,plasticbox,2,1,1
76,94,66,19,1,1,46,16,80,4,plasticbox,2,0,0
90,79,32,3,4,0,154,19,25,56,plasticbox,2,1,1
97,52,28,6,4,1,15,8,49,43,plasticbox,2,1,2
22,39,43,3,5,1,33,35,16,49,plasticbox,2,1,2
35,78,39,12,5,1,104,18,23,59,plasticbox,2,1,1
84,83,83,15,1,1,95,4,63,33,plasticbox,2,1,1
97,68,32,11,1,0,91,2,61,37,plasticbox,2,1,1
49,6,54,14,2,1,97,48,15,37,plasticbox,2,1,1
86,97,56,12,1,1,6,12,37,51,plasticbox,2,1,1
24,21,40,18,4,0,4,13,37,50,cardboard,2,1,2
55,46,82,17,1,0,47,22,25,53,cardboard,2,1,1
80,57,15,1,1,1,151,27,14,59,plasticbox,2,1,1
35,33,31,3,1,1,28,8,12,80,plasticbox,2,1,1
58,76,41,8,2,0,85,17,69,14,corrugated,1,1,1
69,26,56,13,1,0,49,72,18,10,plasticbox,1,0,0
45,57,50,16,3,0,148,2,85,13,plasticbox,2,1,1
58,55,76,1,4,0,166,2,1,97,plasticbox,2,1,1
18,51,56,3,3,1,106,44,23,33,plasticbox,2,1,1
61,100,24,2,1,1,14,71,11,18,plasticbox,2,0,0
29,34,73,14,5,1,39,29,15,56,plasticbox,2,1,1
47,58,34,16,5,1,127,45,15,40,plasticbox,2,1,1
87,7,62,6,2,0,178,23,48,29,plasticbox,2,1,1
70,14,18,12,5,1,95,4,67,29,plasticbox,2,1,1
25,78,19,2,1,0,127,84,11,5,plasticbox,2,1,1
38,48,56,14,4,1,70,7,92,1,plasticbox,2,1,2
25,68,59,8,2,1,28,65,8,27,plasticbox,2,1,1
57,39,9,19,4,1,140,8,66,26,plasticbox,2,1,1
52,58,10,20,1,0,100,16,13,71,plasticbox,2,1,1
63,100,56,9,2,0,43,24,39,37,corrugated,1,1,1
40,6,62,20,3,1,53,58,16,26,plasticbox,2,1,1
28,81,43,9,5,0,159,57,34,9,plasticbox,2,1,1
26,26,28,7,2,0,24,53,15,32,corrugated,1,1,1
23,94,28,10,5,1,102,84,4,12,plasticbox,2,1,1
73,12,61,13,3,0,53,43,16,41,plasticbox,1,1,1
39,98,23,14,1,1,50,11,75,14,plasticbox,2,0,0
29,92,10,2,2,0,64,89,5,6,plasticwrap,0,1,1
67,62,54,10,1,0,92,56,40,4,plasticbox,2,1,1
41,66,17,5,4,0,23,41,13,46,corrugated,1,1,2
49,28,61,10,3,1,158,23,27,50,plasticbox,2,1,1
56,59,43,7,3,0,69,47,25,28,corrugated,1,1,1
88,65,21,10,4,1,126,75,17,8,plasticbox,2,1,1
92,91,84,14,5,1,85,70,29,1,plasticbox,2,1,2
64,86,8,6,3,0,60,47,9,44,corrugated,1,1,1
28,11,54,5,4,1,81,31,36,33,plasticbox,2,1,2
21,38,42,2,1,1,13,37,17,46,plasticbox,2,0,0
36,26,64,17,4,1,58,89,3,8,plasticbox,2,1,2
34,91,35,9,1,0,22,86,13,1,corrugated,1,0,0
55,83,33,5,2,0,10,22,17,61,corrugated,1,1,1
67,90,73,15,3,1,145,51,13,36,plasticbox,2,1,1
15,44,88,17,2,0,137,3,64,33,plasticbox,2,1,1
70,26,95,20,4,0,46,1,72,27,cardboard,2,1,2
49,59,89,1,4,0,126,11,9,80,plasticbox,2,1,1
55,81,31,14,3,1,35,22,43,35,plasticbox,2,1,1
99,59,74,14,4,1,75,13,22,65,plasticbox,2,1,1
39,10,33,9,3,1,40,53,40,7,plasticbox,2,1,1
37,10,60,5,2,1,34,58,10,32,plasticbox,2,1,1
23,63,67,20,4,0,124,13,26,61,plasticbox,2,1,1
44,23,100,10,5,1,34,37,44,19,plasticbox,2,1,2
69,63,20,7,5,0,30,34,62,4,corrugated,1,1,2
28,61,22,2,2,0,28,3,30,67,plasticwrap,0,1,1
5,25,16,19,3,1,25,10,52,38,plasticbox,2,1,1
54,7,95,13,5,1,108,2,63,35,plasticbox,2,1,1
28,17,46,9,5,1,97,3,4,93,plasticbox,2,1,1
42,7,31,12,2,0,32,4,73,23,plasticbox,1,1,1
64,9,10,4,2,1,27,12,64,24,plasticbox,2,1,1
24,96,67,9,2,0,163,47,2,51,plasticbox,2,1,1
67,62,74,13,2,0,175,39,4,57,plasticbox,2,1,1
58,57,83,10,1,1,85,83,14,3,plasticbox,2,0,0
54,55,72,6,1,1,116,18,49,33,plasticbox,2,1,1
82,21,50,2,1,0,97,4,78,18,plasticbox,2,1,1
14,73,37,11,4,0,157,67,14,19,plasticbox,2,1,1
44,16,31,12,3,0,29,27,3,70,plasticbox,1,1,1
19,72,67,12,4,0,29,20,48,32,plasticbox,1,1,2
64,19,90,9,1,0,32,20,65,15,corrugated,1,0,0
51,18,54,16,4,0,172,37,48,15,plasticbox,2,1,1
28,98,90,12,2,1,99,3,22,75,plasticbox,2,1,1
83,53,49,20,5,1,1,2,90,8,plasticbox,2,1,2
56,69,80,20,4,0,167,5,45,50,plasticbox,2,1,1
93,37,9,3,1,1,75,7,82,11,plasticbox,2,0,0
22,40,64,14,2,1,91,11,45,44,plasticbox,2,1,1
17,57,31,5,4,0,177,61,12,27,plasticbox,2,1,1
96,42,77,18,2,0,32,25,42,33,cardboard,2,1,1
75,20,49,13,4,1,13,7,48,45,plasticbox,2,1,2
49,17,11,7,3,0,70,4,66,30,corrugated,1,1,1
70,90,92,9,5,1,119,53,8,39,plasticbox,2,1,1
65,5,64,3,5,0,45,6,44,50,paperbox,0,1,2
55,9,33,6,2,1,2,36,39,25,plasticbox,2,1,1
60,94,59,20,4,1,139,65,31,4,plasticbox,2,1,1
32,26,41,14,3,1,108,54,9,37,plasticbox,2,1,1
82,58,13,4,5,1,97,22,34,44,plasticbox,2,1,1
90,87,66,7,1,0,162,26,6,68,plasticbox,2,1,1
89,17,26,19,4,1,33,72,6,22,plasticbox,2,1,2
38,18,97,4,4,0,42,14,41,45,paperbox,0,1,2
75,41,99,11,2,0,150,22,41,37,plasticbox,2,1,1
6,36,79,18,2,1,143,33,62,5,plasticbox,2,1,1
74,45,33,4,2,0,155,2,37,61,plasticbox,2,1,1
34,36,92,10,1,0,20,15,53,32,plasticbox,1,0,0
54,40,30,14,1,0,81,54,44,2,plasticbox,1,0,0
23,47,32,9,3,0,102,58,15,27,plasticbox,2,1,1
54,10,44,7,3,0,171,15,46,39,plasticbox,2,1,1
73,85,42,1,4,1,153,34,63,3,plasticbox,2,1,1
57,27,38,6,2,1,139,3,59,38,plasticbox,2,1,1
90,23,55,14,3,0,77,6,34,60,plasticbox,1,1,1
40,20,9,7,2,1,117,62,36,2,plasticbox,2,1,1
49,66,98,4,5,0,120,53,23,24,plasticbox,2,1,1
94,57,37,12,2,0,30,56,36,8,plasticbox,1,1,1
22,42,100,6,3,0,62,40,31,29,corrugated,1,1,1
76,43,15,16,3,1,54,50,12,38,plasticbox,2,1,1
49,57,24,17,5,1,43,29,28,43,plasticbox,2,1,2
42,77,90,10,4,0,26,62,31,7,plasticbox,1,1,2
25,27,51,11,1,0,125,12,22,66,plasticbox,2,1,1
69,76,64,8,3,1,17,33,61,6,plasticbox,2,1,1
70,100,87,14,2,1,79,58,29,13,plasticbox,2,1,1
55,48,11,20,4,0,74,46,24,30,cardboard,2,1,2
24,47,6,18,2,0,83,56,35,9,cardboard,2,1,1
52,74,22,5,1,1,160,16,49,35,plasticbox,2,1,1
49,20,66,17,1,1,111,72,20,8,plasticbox,2,1,1
55,93,81,3,5,0,132,14,55,31,plasticbox,2,1,1
92,16,28,2,5,1,79,13,62,25,plasticbox,2,1,2
69,43,44,3,2,0,27,4,86,10,paperbox,0,1,1
75,49,34,20,5,0,122,68,8,24,plasticbox,2,1,1
17,18,91,16,2,0,6,8,34,58,cardboard,2,1,1
88,42,45,9,3,0,120,18,68,14,plasticbox,2,1,1
53,65,68,18,3,1,100,15,84,1,plasticbox,2,1,1
13,95,9,12,5,0,15,67,5,28,plasticbox,1,1,2
69,99,88,2,4,0,90,34,6,60,plasticwrap,0,1,1
14,99,31,20,4,0,81,29,34,37,cardboard,2,1,2
56,34,22,17,1,0,54,44,51,5,cardboard,2,0,0
48,36,89,14,5,0,169,4,52,44,plasticbox,2,1,1
66,71,9,2,5,1,157,81,11,8,plasticbox,2,1,1
23,54,62,6,4,0,121,48,38,14,plasticbox,2,1,1
30,37,88,5,5,0,139,1,46,53,plasticbox,2,1,1
39,85,79,12,1,1,135,51,38,11,plasticbox,2,1,1
10,88,78,19,2,1,104,11,87,2,plasticbox,2,1,1
10,39,98,16,2,0,159,12,61,27,plasticbox,2,1,1
38,66,35,15,1,1,176,17,15,68,plasticbox,2,1,1
9,13,90,18,4,0,143,15,67,18,plasticbox,2,1,1
27,6,32,19,1,1,144,24,56,20,plasticbox,2,1,1
22,85,39,10,2,0,160,55,21,24,plasticbox,2,1,1
34,61,36,19,1,1,142,85,8,7,plasticbox,2,1,1
7,89,57,10,1,0,130,66,18,16,plasticbox,2,1,1
28,60,84,3,5,1,11,15,42,43,plasticbox,2,1,2
92,19,89,10,2,1,68,18,4,78,plasticbox,2,1,1
84,48,42,9,4,1,93,5,57,38,plasticbox,2,1,1
18,20,85,10,3,1,30,66,3,31,plasticbox,2,1,1
37,50,23,20,2,0,61,72,27,1,cardboard,2,1,1
21,74,15,14,4,1,109,41,43,16,plasticbox,2,1,1
62,88,74,5,3,1,107,2,65,33,plasticbox,2,1,1
93,33,59,1,4,1,171,25,4,71,plasticbox,2,1,1
65,67,72,7,1,1,180,70,19,11,plasticbox,2,1,1
100,33,47,11,5,0,122,13,40,47,plasticbox,2,1,1
95,8,49,12,5,0,71,8,72,20,plasticbox,1,1,2
79,90,6,10,4,0,167,21,26,53,plasticbox,2,1,1
20,25,72,13,1,0,70,28,17,55,plasticbox,1,1,1
67,100,89,9,1,0,172,5,13,82,plasticbox,2,1,1
38,87,62,13,5,0,19,29,13,58,plasticbox,1,1,1
15,31,28,19,5,0,15,39,47,14,cardboard,2,1,2
63,37,11,1,3,0,80,24,45,31,plasticwrap,0,1,1
58,48,94,8,3,1,60,16,33,51,plasticbox,2,1,1
11,49,48,3,2,1,49,23,55,22,plasticbox,2,1,1
14,70,48,6,2,0,155,12,59,29,plasticbox,2,1,1
57,16,30,3,3,0,109,66,32,2,plasticbox,2,1,1
22,87,82,12,4,0,159,77,11,12,plasticbox,2,1,1
86,88,53,17,1,0,131,65,24,11,plasticbox,2,1,1
31,33,36,10,5,1,148,8,17,75,plasticbox,2,1,1
38,79,83,2,1,0,176,32,28,40,plasticbox,2,1,1
71,89,68,7,3,0,27,6,80,14,corrugated,1,1,1
15,26,42,18,1,0,145,82,15,3,plasticbox,2,1,1
41,74,97,12,2,1,119,5,77,18,plasticbox,2,1,1
41,74,65,16,4,1,39,29,44,27,plasticbox,2,1,2
61,60,65,6,1,0,96,12,46,42,plasticbox,2,1,1
66,52,57,14,3,0,141,82,14,4,plasticbox,2,1,1
